file_name,class_id
5135.jpg,0
4132.jpg,0
3731.jpg,0
5089.jpg,0
5565.jpg,0
3154.jpg,0
3778.jpg,0
4427.jpg,0
5386.jpg,0
5659.jpg,0
4593.jpg,0
4350.jpg,0
3861.jpg,0
4879.jpg,0
3212.jpg,0
5059.jpg,1
5012.jpg,1
4191.jpg,1
0847.jpg,1
2381.jpg,1
4189.jpg,1
1765.jpg,1
5496.jpg,1
5833.jpg,1
2194.jpg,1
1268.jpg,1
2402.jpg,1
4472.jpg,1
3666.jpg,1
4484.jpg,1
5961.jpg,2
4758.jpg,2
0367.jpg,2
2061.jpg,2
4522.jpg,2
0793.jpg,2
2796.jpg,2
1070.jpg,2
0219.jpg,2
4944.jpg,2
4100.jpg,2
3679.jpg,2
0748.jpg,2
5616.jpg,2
4626.jpg,2
4778.jpg,3
0992.jpg,3
3247.jpg,3
0786.jpg,3
1155.jpg,3
3348.jpg,3
2038.jpg,3
0780.jpg,3
2638.jpg,3
3616.jpg,3
1018.jpg,3
3627.jpg,3
1625.jpg,3
0324.jpg,3
0420.jpg,3
0872.jpg,4
1714.jpg,4
2121.jpg,4
1649.jpg,4
2750.jpg,4
0308.jpg,4
5765.jpg,4
2502.jpg,4
5907.jpg,4
3170.jpg,4
3827.jpg,4
5682.jpg,4
1688.jpg,4
5410.jpg,4
0436.jpg,4
3322.jpg,5
4126.jpg,5
2015.jpg,5
0517.jpg,5
5758.jpg,5
5378.jpg,5
0401.jpg,5
2855.jpg,5
1662.jpg,5
3241.jpg,5
2000.jpg,5
1509.jpg,5
4006.jpg,5
5910.jpg,5
5298.jpg,5
3462.jpg,6
3378.jpg,6
3513.jpg,6
2318.jpg,6
2995.jpg,6
3211.jpg,6
1048.jpg,6
1403.jpg,6
4007.jpg,6
2978.jpg,6
3123.jpg,6
1434.jpg,6
0295.jpg,6
4562.jpg,6
2946.jpg,6
5980.jpg,7
1213.jpg,7
4027.jpg,7
0094.jpg,7
4500.jpg,7
2267.jpg,7
2332.jpg,7
1678.jpg,7
5091.jpg,7
4344.jpg,7
4256.jpg,7
5308.jpg,7
6031.jpg,7
3895.jpg,7
3813.jpg,7
1867.jpg,8
4364.jpg,8
1222.jpg,8
3728.jpg,8
3038.jpg,8
2366.jpg,8
5526.jpg,8
4528.jpg,8
4474.jpg,8
4348.jpg,8
2828.jpg,8
2552.jpg,8
1154.jpg,8
0191.jpg,8
1345.jpg,8
4501.jpg,9
0534.jpg,9
0466.jpg,9
4870.jpg,9
2586.jpg,9
0152.jpg,9
1026.jpg,9
1998.jpg,9
1050.jpg,9
1206.jpg,9
5146.jpg,9
4486.jpg,9
5232.jpg,9
4320.jpg,9
3250.jpg,9
2762.jpg,10
1686.jpg,10
5430.jpg,10
5429.jpg,10
5277.jpg,10
0752.jpg,10
5109.jpg,10
0432.jpg,10
1805.jpg,10
3289.jpg,10
2180.jpg,10
0457.jpg,10
2522.jpg,10
2888.jpg,10
5716.jpg,10
1338.jpg,11
3426.jpg,11
5436.jpg,11
2878.jpg,11
4718.jpg,11
1199.jpg,11
1085.jpg,11
3709.jpg,11
1923.jpg,11
4223.jpg,11
5178.jpg,11
5094.jpg,11
1901.jpg,11
2289.jpg,11
1791.jpg,11
3112.jpg,12
4665.jpg,12
2170.jpg,12
0464.jpg,12
3846.jpg,12
1385.jpg,12
3312.jpg,12
0124.jpg,12
4198.jpg,12
0329.jpg,12
5215.jpg,12
2489.jpg,12
2401.jpg,12
3589.jpg,12
2297.jpg,12
0415.jpg,13
2393.jpg,13
2557.jpg,13
2595.jpg,13
3604.jpg,13
4961.jpg,13
1396.jpg,13
2273.jpg,13
4047.jpg,13
4045.jpg,13
4728.jpg,13
1431.jpg,13
3775.jpg,13
5781.jpg,13
5782.jpg,13
5292.jpg,14
4811.jpg,14
5371.jpg,14
1397.jpg,14
2173.jpg,14
0953.jpg,14
2525.jpg,14
4420.jpg,14
4394.jpg,14
5664.jpg,14
5399.jpg,14
3094.jpg,14
5164.jpg,14
3275.jpg,14
4098.jpg,14
5848.jpg,15
4807.jpg,15
1399.jpg,15
1946.jpg,15
2831.jpg,15
2842.jpg,15
0023.jpg,15
0248.jpg,15
4073.jpg,15
2047.jpg,15
0123.jpg,15
4469.jpg,15
0598.jpg,15
3599.jpg,15
3873.jpg,15
3868.jpg,16
4858.jpg,16
3244.jpg,16
0359.jpg,16
0041.jpg,16
1291.jpg,16
1102.jpg,16
4022.jpg,16
5364.jpg,16
4861.jpg,16
1837.jpg,16
4976.jpg,16
0904.jpg,16
3686.jpg,16
5303.jpg,16
2484.jpg,17
3747.jpg,17
2415.jpg,17
1011.jpg,17
5642.jpg,17
2532.jpg,17
5479.jpg,17
5235.jpg,17
3059.jpg,17
1658.jpg,17
1333.jpg,17
0392.jpg,17
2924.jpg,17
0603.jpg,17
2710.jpg,17
0398.jpg,18
3742.jpg,18
4205.jpg,18
2601.jpg,18
2837.jpg,18
4819.jpg,18
5129.jpg,18
3776.jpg,18
3948.jpg,18
4302.jpg,18
0931.jpg,18
2763.jpg,18
3330.jpg,18
0134.jpg,18
1232.jpg,18
5995.jpg,19
4591.jpg,19
3576.jpg,19
3634.jpg,19
2534.jpg,19
2714.jpg,19
0892.jpg,19
0067.jpg,19
0897.jpg,19
0405.jpg,19
4012.jpg,19
3898.jpg,19
0716.jpg,19
4970.jpg,19
4755.jpg,19
3594.jpg,20
0564.jpg,20
5690.jpg,20
3017.jpg,20
3362.jpg,20
0185.jpg,20
1560.jpg,20
5858.jpg,20
2358.jpg,20
4300.jpg,20
1647.jpg,20
3415.jpg,20
3277.jpg,20
3385.jpg,20
1081.jpg,20
0643.jpg,21
0298.jpg,21
5112.jpg,21
3484.jpg,21
0773.jpg,21
2495.jpg,21
3158.jpg,21
1191.jpg,21
2631.jpg,21
1001.jpg,21
0394.jpg,21
2770.jpg,21
3135.jpg,21
5721.jpg,21
3698.jpg,21
5929.jpg,22
0531.jpg,22
0971.jpg,22
4402.jpg,22
5574.jpg,22
2439.jpg,22
5882.jpg,22
5736.jpg,22
3152.jpg,22
0263.jpg,22
1482.jpg,22
3161.jpg,22
2115.jpg,22
1293.jpg,22
2515.jpg,22
2271.jpg,23
2875.jpg,23
4087.jpg,23
2236.jpg,23
2350.jpg,23
0824.jpg,23
5224.jpg,23
5992.jpg,23
1656.jpg,23
5586.jpg,23
0983.jpg,23
4636.jpg,23
5960.jpg,23
1979.jpg,23
1356.jpg,23
0740.jpg,24
3712.jpg,24
3980.jpg,24
3567.jpg,24
6029.jpg,24
5499.jpg,24
0969.jpg,24
2156.jpg,24
0038.jpg,24
5453.jpg,24
2923.jpg,24
3119.jpg,24
5944.jpg,24
2163.jpg,24
2445.jpg,24
4777.jpg,25
0117.jpg,25
2331.jpg,25
5867.jpg,25
0545.jpg,25
2423.jpg,25
3016.jpg,25
5870.jpg,25
5054.jpg,25
1677.jpg,25
0241.jpg,25
2767.jpg,25
3260.jpg,25
1187.jpg,25
2126.jpg,25
5412.jpg,26
2369.jpg,26
1565.jpg,26
5953.jpg,26
2530.jpg,26
3451.jpg,26
5063.jpg,26
4260.jpg,26
4416.jpg,26
4923.jpg,26
0166.jpg,26
2317.jpg,26
1276.jpg,26
2010.jpg,26
4186.jpg,26
5926.jpg,27
5646.jpg,27
4951.jpg,27
2728.jpg,27
4424.jpg,27
2280.jpg,27
0685.jpg,27
5469.jpg,27
0949.jpg,27
4719.jpg,27
2529.jpg,27
5587.jpg,27
0611.jpg,27
4647.jpg,27
3043.jpg,27
5662.jpg,28
2514.jpg,28
4313.jpg,28
1494.jpg,28
1145.jpg,28
4393.jpg,28
3447.jpg,28
0525.jpg,28
0657.jpg,28
2150.jpg,28
1343.jpg,28
0492.jpg,28
3695.jpg,28
2433.jpg,28
2749.jpg,28
5751.jpg,29
1109.jpg,29
2805.jpg,29
2250.jpg,29
3108.jpg,29
1447.jpg,29
0465.jpg,29
1446.jpg,29
2207.jpg,29
4534.jpg,29
4028.jpg,29
4362.jpg,29
5297.jpg,29
4723.jpg,29
0121.jpg,29
4984.jpg,30
5930.jpg,30
1051.jpg,30
5735.jpg,30
2134.jpg,30
0252.jpg,30
4771.jpg,30
5134.jpg,30
4832.jpg,30
3664.jpg,30
5978.jpg,30
4493.jpg,30
2981.jpg,30
4628.jpg,30
2383.jpg,30
5632.jpg,31
1182.jpg,31
4279.jpg,31
5925.jpg,31
2517.jpg,31
3786.jpg,31
0153.jpg,31
5819.jpg,31
4643.jpg,31
4064.jpg,31
1622.jpg,31
5368.jpg,31
4604.jpg,31
4687.jpg,31
4779.jpg,31
3482.jpg,32
3040.jpg,32
1839.jpg,32
1543.jpg,32
0577.jpg,32
0986.jpg,32
2298.jpg,32
1442.jpg,32
4203.jpg,32
3989.jpg,32
4345.jpg,32
2716.jpg,32
0461.jpg,32
4040.jpg,32
2818.jpg,32
3744.jpg,33
4174.jpg,33
2932.jpg,33
5756.jpg,33
2218.jpg,33
3655.jpg,33
4307.jpg,33
3198.jpg,33
1913.jpg,33
0881.jpg,33
5745.jpg,33
3796.jpg,33
2983.jpg,33
3438.jpg,33
0049.jpg,33
5558.jpg,34
4585.jpg,34
1660.jpg,34
4635.jpg,34
3523.jpg,34
1952.jpg,34
0754.jpg,34
5474.jpg,34
1550.jpg,34
1423.jpg,34
5342.jpg,34
0557.jpg,34
2947.jpg,34
4956.jpg,34
3603.jpg,34
0776.jpg,35
0400.jpg,35
5731.jpg,35
2901.jpg,35
3313.jpg,35
0012.jpg,35
3700.jpg,35
1501.jpg,35
5332.jpg,35
1350.jpg,35
4617.jpg,35
1387.jpg,35
3014.jpg,35
3069.jpg,35
5201.jpg,35
4546.jpg,36
2894.jpg,36
3671.jpg,36
5655.jpg,36
5354.jpg,36
2464.jpg,36
4269.jpg,36
2101.jpg,36
4316.jpg,36
0548.jpg,36
1326.jpg,36
0523.jpg,36
2634.jpg,36
5003.jpg,36
5459.jpg,36
0511.jpg,37
0042.jpg,37
0609.jpg,37
0664.jpg,37
5107.jpg,37
0118.jpg,37
0659.jpg,37
0768.jpg,37
1122.jpg,37
5181.jpg,37
4840.jpg,37
0176.jpg,37
0242.jpg,37
3011.jpg,37
0438.jpg,37
5637.jpg,38
0328.jpg,38
4520.jpg,38
5307.jpg,38
4018.jpg,38
4998.jpg,38
3691.jpg,38
5752.jpg,38
6026.jpg,38
3340.jpg,38
0070.jpg,38
2747.jpg,38
5936.jpg,38
3607.jpg,38
2081.jpg,38
5986.jpg,39
4669.jpg,39
2214.jpg,39
2553.jpg,39
4817.jpg,39
5633.jpg,39
2198.jpg,39
0568.jpg,39
1963.jpg,39
3874.jpg,39
2176.jpg,39
2022.jpg,39
3251.jpg,39
5668.jpg,39
1510.jpg,39
0082.jpg,40
2206.jpg,40
1169.jpg,40
5967.jpg,40
5720.jpg,40
5044.jpg,40
1224.jpg,40
5660.jpg,40
2649.jpg,40
3785.jpg,40
2912.jpg,40
4657.jpg,40
0184.jpg,40
2379.jpg,40
0162.jpg,40
3107.jpg,41
3142.jpg,41
2044.jpg,41
1217.jpg,41
5706.jpg,41
0579.jpg,41
4181.jpg,41
2590.jpg,41
4994.jpg,41
2895.jpg,41
1071.jpg,41
0196.jpg,41
5507.jpg,41
1292.jpg,41
2221.jpg,41
3938.jpg,42
3150.jpg,42
0089.jpg,42
2255.jpg,42
1331.jpg,42
0236.jpg,42
2064.jpg,42
5096.jpg,42
3138.jpg,42
1806.jpg,42
2766.jpg,42
1790.jpg,42
0745.jpg,42
3304.jpg,42
3726.jpg,42
5173.jpg,43
3474.jpg,43
1130.jpg,43
4054.jpg,43
3570.jpg,43
0584.jpg,43
0556.jpg,43
5448.jpg,43
3973.jpg,43
0543.jpg,43
4466.jpg,43
5120.jpg,43
1227.jpg,43
0823.jpg,43
3206.jpg,43
2772.jpg,44
0146.jpg,44
3501.jpg,44
1024.jpg,44
3519.jpg,44
1193.jpg,44
0223.jpg,44
1265.jpg,44
1458.jpg,44
3811.jpg,44
5941.jpg,44
3714.jpg,44
3559.jpg,44
5351.jpg,44
2270.jpg,44
2866.jpg,45
3081.jpg,45
4072.jpg,45
5928.jpg,45
5649.jpg,45
0087.jpg,45
5198.jpg,45
5607.jpg,45
0251.jpg,45
2554.jpg,45
0347.jpg,45
4837.jpg,45
5585.jpg,45
1027.jpg,45
1816.jpg,45
1075.jpg,46
4538.jpg,46
2449.jpg,46
4508.jpg,46
1308.jpg,46
0010.jpg,46
4808.jpg,46
4410.jpg,46
1116.jpg,46
3746.jpg,46
0317.jpg,46
5726.jpg,46
2528.jpg,46
3590.jpg,46
5567.jpg,46
3372.jpg,47
5464.jpg,47
3591.jpg,47
5338.jpg,47
2230.jpg,47
1033.jpg,47
0142.jpg,47
3554.jpg,47
4936.jpg,47
1190.jpg,47
1618.jpg,47
1435.jpg,47
3736.jpg,47
2844.jpg,47
2643.jpg,47
0476.jpg,48
1416.jpg,48
4812.jpg,48
0202.jpg,48
1524.jpg,48
6025.jpg,48
0448.jpg,48
4652.jpg,48
0815.jpg,48
4443.jpg,48
1940.jpg,48
0079.jpg,48
5686.jpg,48
3359.jpg,48
0456.jpg,48
0109.jpg,49
3573.jpg,49
1896.jpg,49
0463.jpg,49
0062.jpg,49
1857.jpg,49
0447.jpg,49
4277.jpg,49
4646.jpg,49
2371.jpg,49
5291.jpg,49
4702.jpg,49
5795.jpg,49
4572.jpg,49
3266.jpg,49
4382.jpg,50
3958.jpg,50
1112.jpg,50
0744.jpg,50
6023.jpg,50
1581.jpg,50
3505.jpg,50
0509.jpg,50
2016.jpg,50
4254.jpg,50
3556.jpg,50
4999.jpg,50
3175.jpg,50
3533.jpg,50
3466.jpg,50
3319.jpg,51
2494.jpg,51
3910.jpg,51
3087.jpg,51
2921.jpg,51
4213.jpg,51
4821.jpg,51
1820.jpg,51
5217.jpg,51
1348.jpg,51
4464.jpg,51
3398.jpg,51
2252.jpg,51
4365.jpg,51
1241.jpg,51
5777.jpg,52
1815.jpg,52
4847.jpg,52
5865.jpg,52
1156.jpg,52
4447.jpg,52
3959.jpg,52
2841.jpg,52
0655.jpg,52
1328.jpg,52
4769.jpg,52
1886.jpg,52
5517.jpg,52
0319.jpg,52
2145.jpg,52
0825.jpg,53
0758.jpg,53
3051.jpg,53
5764.jpg,53
2764.jpg,53
5688.jpg,53
1032.jpg,53
2603.jpg,53
0357.jpg,53
2670.jpg,53
5162.jpg,53
0293.jpg,53
4563.jpg,53
5374.jpg,53
4451.jpg,53
1175.jpg,54
3524.jpg,54
5076.jpg,54
0851.jpg,54
6015.jpg,54
0612.jpg,54
1466.jpg,54
1440.jpg,54
4969.jpg,54
0918.jpg,54
2587.jpg,54
5497.jpg,54
3243.jpg,54
1058.jpg,54
0119.jpg,54
5829.jpg,55
1828.jpg,55
0482.jpg,55
4607.jpg,55
1092.jpg,55
2147.jpg,55
5817.jpg,55
1365.jpg,55
0618.jpg,55
1259.jpg,55
1165.jpg,55
0244.jpg,55
1304.jpg,55
1648.jpg,55
4004.jpg,55
6014.jpg,56
5963.jpg,56
0964.jpg,56
5167.jpg,56
5861.jpg,56
0810.jpg,56
4950.jpg,56
3471.jpg,56
4163.jpg,56
3424.jpg,56
2876.jpg,56
5160.jpg,56
3834.jpg,56
1030.jpg,56
3269.jpg,56
3253.jpg,57
0178.jpg,57
2260.jpg,57
0374.jpg,57
2570.jpg,57
5711.jpg,57
2868.jpg,57
5317.jpg,57
5798.jpg,57
3593.jpg,57
5899.jpg,57
5696.jpg,57
1332.jpg,57
2584.jpg,57
4412.jpg,57
4351.jpg,58
4892.jpg,58
2709.jpg,58
1136.jpg,58
1764.jpg,58
2301.jpg,58
4396.jpg,58
2374.jpg,58
5196.jpg,58
5321.jpg,58
3921.jpg,58
5924.jpg,58
4725.jpg,58
3338.jpg,58
4703.jpg,58
5796.jpg,59
4775.jpg,59
5427.jpg,59
4890.jpg,59
5159.jpg,59
5976.jpg,59
1833.jpg,59
5803.jpg,59
3481.jpg,59
4792.jpg,59
2569.jpg,59
2538.jpg,59
4863.jpg,59
5993.jpg,59
5535.jpg,59
2352.jpg,60
0131.jpg,60
3985.jpg,60
4065.jpg,60
0337.jpg,60
5128.jpg,60
5896.jpg,60
4116.jpg,60
5127.jpg,60
3215.jpg,60
4940.jpg,60
4044.jpg,60
5881.jpg,60
3234.jpg,60
4426.jpg,60
3741.jpg,61
5666.jpg,61
3197.jpg,61
3977.jpg,61
0838.jpg,61
3479.jpg,61
1526.jpg,61
4926.jpg,61
1801.jpg,61
1053.jpg,61
2731.jpg,61
5602.jpg,61
5103.jpg,61
5325.jpg,61
4900.jpg,61
4561.jpg,62
3428.jpg,62
1534.jpg,62
0315.jpg,62
3905.jpg,62
0636.jpg,62
0027.jpg,62
2212.jpg,62
0721.jpg,62
3022.jpg,62
0841.jpg,62
1636.jpg,62
3663.jpg,62
0258.jpg,62
1740.jpg,62
1881.jpg,63
5278.jpg,63
1687.jpg,63
4008.jpg,63
2426.jpg,63
0451.jpg,63
5099.jpg,63
3986.jpg,63
0512.jpg,63
0306.jpg,63
6020.jpg,63
4407.jpg,63
2479.jpg,63
4776.jpg,63
2220.jpg,63
4742.jpg,64
2969.jpg,64
3748.jpg,64
5314.jpg,64
5937.jpg,64
3929.jpg,64
4425.jpg,64
4845.jpg,64
1107.jpg,64
3389.jpg,64
3961.jpg,64
1670.jpg,64
5956.jpg,64
3740.jpg,64
2443.jpg,64
5539.jpg,65
3779.jpg,65
0899.jpg,65
3677.jpg,65
1778.jpg,65
2027.jpg,65
5452.jpg,65
0861.jpg,65
4597.jpg,65
3076.jpg,65
3469.jpg,65
1794.jpg,65
4649.jpg,65
1042.jpg,65
2575.jpg,65
1742.jpg,66
2963.jpg,66
1644.jpg,66
3282.jpg,66
3788.jpg,66
5456.jpg,66
2125.jpg,66
5202.jpg,66
3404.jpg,66
2357.jpg,66
3019.jpg,66
0924.jpg,66
4550.jpg,66
3249.jpg,66
1732.jpg,66
4035.jpg,67
1362.jpg,67
3332.jpg,67
0044.jpg,67
3546.jpg,67
5842.jpg,67
0453.jpg,67
3763.jpg,67
3376.jpg,67
2162.jpg,67
4011.jpg,67
0951.jpg,67
5541.jpg,67
5552.jpg,67
4010.jpg,67
0663.jpg,68
5767.jpg,68
0792.jpg,68
4281.jpg,68
4046.jpg,68
5143.jpg,68
1521.jpg,68
5131.jpg,68
0939.jpg,68
4367.jpg,68
1666.jpg,68
4159.jpg,68
3681.jpg,68
4400.jpg,68
5855.jpg,68
0538.jpg,69
4190.jpg,69
1971.jpg,69
4799.jpg,69
5213.jpg,69
3128.jpg,69
5909.jpg,69
3783.jpg,69
4336.jpg,69
3756.jpg,69
3405.jpg,69
4695.jpg,69
1964.jpg,69
5267.jpg,69
1982.jpg,69
1368.jpg,70
3761.jpg,70
1853.jpg,70
4659.jpg,70
0283.jpg,70
0645.jpg,70
3639.jpg,70
2984.jpg,70
0646.jpg,70
3699.jpg,70
1357.jpg,70
4774.jpg,70
4631.jpg,70
4001.jpg,70
0968.jpg,70
3824.jpg,71
4602.jpg,71
4489.jpg,71
3588.jpg,71
2872.jpg,71
5683.jpg,71
1654.jpg,71
3343.jpg,71
1902.jpg,71
3801.jpg,71
2410.jpg,71
2092.jpg,71
3339.jpg,71
3511.jpg,71
5868.jpg,71
4685.jpg,72
2288.jpg,72
1621.jpg,72
5732.jpg,72
1264.jpg,72
4334.jpg,72
3227.jpg,72
2213.jpg,72
5943.jpg,72
1420.jpg,72
4745.jpg,72
2623.jpg,72
2261.jpg,72
3841.jpg,72
3002.jpg,72
5042.jpg,73
3729.jpg,73
5279.jpg,73
3685.jpg,73
0822.jpg,73
5072.jpg,73
1726.jpg,73
6012.jpg,73
5327.jpg,73
1166.jpg,73
4127.jpg,73
1781.jpg,73
4376.jpg,73
5243.jpg,73
4359.jpg,73
3844.jpg,74
3231.jpg,74
1162.jpg,74
1088.jpg,74
0919.jpg,74
5823.jpg,74
1274.jpg,74
2463.jpg,74
4041.jpg,74
1759.jpg,74
4243.jpg,74
3934.jpg,74
5372.jpg,74
1256.jpg,74
2247.jpg,74
5274.jpg,75
3944.jpg,75
0056.jpg,75
0417.jpg,75
5958.jpg,75
3975.jpg,75
4115.jpg,75
5518.jpg,75
0846.jpg,75
3707.jpg,75
1369.jpg,75
5460.jpg,75
3057.jpg,75
2858.jpg,75
2706.jpg,75
3132.jpg,76
1409.jpg,76
1513.jpg,76
0303.jpg,76
1204.jpg,76
0139.jpg,76
1077.jpg,76
4642.jpg,76
4162.jpg,76
0203.jpg,76
1545.jpg,76
3256.jpg,76
2419.jpg,76
4005.jpg,76
5102.jpg,76
5296.jpg,77
0945.jpg,77
0641.jpg,77
2390.jpg,77
0677.jpg,77
4741.jpg,77
3939.jpg,77
1926.jpg,77
3411.jpg,77
3168.jpg,77
3808.jpg,77
1787.jpg,77
2591.jpg,77
4051.jpg,77
3425.jpg,77
1507.jpg,78
0596.jpg,78
3391.jpg,78
2444.jpg,78
0480.jpg,78
0880.jpg,78
2235.jpg,78
4165.jpg,78
3665.jpg,78
1841.jpg,78
4511.jpg,78
2755.jpg,78
2867.jpg,78
2343.jpg,78
1691.jpg,78
0807.jpg,79
4960.jpg,79
5712.jpg,79
2816.jpg,79
0829.jpg,79
2673.jpg,79
5906.jpg,79
5524.jpg,79
5176.jpg,79
3186.jpg,79
2883.jpg,79
5730.jpg,79
0833.jpg,79
1579.jpg,79
0950.jpg,79
3819.jpg,80
2934.jpg,80
0499.jpg,80
0634.jpg,80
0896.jpg,80
5037.jpg,80
2045.jpg,80
3962.jpg,80
0061.jpg,80
3205.jpg,80
2637.jpg,80
5784.jpg,80
5382.jpg,80
3628.jpg,80
2456.jpg,80
5920.jpg,81
5974.jpg,81
0876.jpg,81
2473.jpg,81
4882.jpg,81
1770.jpg,81
3001.jpg,81
3838.jpg,81
4052.jpg,81
0387.jpg,81
1861.jpg,81
0150.jpg,81
5092.jpg,81
5261.jpg,81
2367.jpg,81
0554.jpg,82
3837.jpg,82
1737.jpg,82
1653.jpg,82
4101.jpg,82
0961.jpg,82
1158.jpg,82
2653.jpg,82
4071.jpg,82
0224.jpg,82
2251.jpg,82
1517.jpg,82
4589.jpg,82
4905.jpg,82
4152.jpg,82
5946.jpg,83
0583.jpg,83
1739.jpg,83
5724.jpg,83
1137.jpg,83
1283.jpg,83
2955.jpg,83
5970.jpg,83
3606.jpg,83
4600.jpg,83
2721.jpg,83
3180.jpg,83
2109.jpg,83
3036.jpg,83
2462.jpg,83
0111.jpg,84
4083.jpg,84
5121.jpg,84
2729.jpg,84
3078.jpg,84
4717.jpg,84
4150.jpg,84
5093.jpg,84
5834.jpg,84
1300.jpg,84
2166.jpg,84
0450.jpg,84
4323.jpg,84
3333.jpg,84
3046.jpg,84
4497.jpg,85
4610.jpg,85
5889.jpg,85
2033.jpg,85
1484.jpg,85
2834.jpg,85
3774.jpg,85
5253.jpg,85
5443.jpg,85
2561.jpg,85
0311.jpg,85
4674.jpg,85
1619.jpg,85
1663.jpg,85
0791.jpg,85
4677.jpg,86
2786.jpg,86
1602.jpg,86
3235.jpg,86
2821.jpg,86
1009.jpg,86
3149.jpg,86
1673.jpg,86
1061.jpg,86
3847.jpg,86
1546.jpg,86
1909.jpg,86
0712.jpg,86
2285.jpg,86
0818.jpg,86
4093.jpg,87
4814.jpg,87
4878.jpg,87
4682.jpg,87
2572.jpg,87
2191.jpg,87
1192.jpg,87
4025.jpg,87
2847.jpg,87
2775.jpg,87
3937.jpg,87
0633.jpg,87
5857.jpg,87
2853.jpg,87
4565.jpg,87
3863.jpg,88
0642.jpg,88
1733.jpg,88
1505.jpg,88
3858.jpg,88
4760.jpg,88
3441.jpg,88
5879.jpg,88
2204.jpg,88
2279.jpg,88
0069.jpg,88
0828.jpg,88
1970.jpg,88
3820.jpg,88
2518.jpg,88
4518.jpg,89
1237.jpg,89
4061.jpg,89
2281.jpg,89
4942.jpg,89
5576.jpg,89
0551.jpg,89
0970.jpg,89
5876.jpg,89
5999.jpg,89
4928.jpg,89
1131.jpg,89
5449.jpg,89
2679.jpg,89
1020.jpg,89
2452.jpg,90
1183.jpg,90
2497.jpg,90
1247.jpg,90
2465.jpg,90
2751.jpg,90
1408.jpg,90
1040.jpg,90
4287.jpg,90
1992.jpg,90
2491.jpg,90
1386.jpg,90
2003.jpg,90
2916.jpg,90
3684.jpg,90
1098.jpg,91
2620.jpg,91
3048.jpg,91
5398.jpg,91
2303.jpg,91
5035.jpg,91
0470.jpg,91
1944.jpg,91
3947.jpg,91
0332.jpg,91
1084.jpg,91
3390.jpg,91
1797.jpg,91
4467.jpg,91
4753.jpg,91
1186.jpg,92
5360.jpg,92
3258.jpg,92
0321.jpg,92
1989.jpg,92
3578.jpg,92
4601.jpg,92
4339.jpg,92
0887.jpg,92
1802.jpg,92
0539.jpg,92
2945.jpg,92
0325.jpg,92
2018.jpg,92
3509.jpg,92
5840.jpg,93
4310.jpg,93
1890.jpg,93
3653.jpg,93
2539.jpg,93
5900.jpg,93
0749.jpg,93
5172.jpg,93
3751.jpg,93
0979.jpg,93
5915.jpg,93
0999.jpg,93
5714.jpg,93
3765.jpg,93
1066.jpg,93
4645.jpg,94
2964.jpg,94
1366.jpg,94
1814.jpg,94
0488.jpg,94
1863.jpg,94
1910.jpg,94
4147.jpg,94
3302.jpg,94
2936.jpg,94
5264.jpg,94
3297.jpg,94
0046.jpg,94
3060.jpg,94
1576.jpg,94
0547.jpg,95
2405.jpg,95
4358.jpg,95
1025.jpg,95
2920.jpg,95
2316.jpg,95
0243.jpg,95
1864.jpg,95
4368.jpg,95
4885.jpg,95
2765.jpg,95
0102.jpg,95
1250.jpg,95
2073.jpg,95
2389.jpg,95
1969.jpg,96
3470.jpg,96
4305.jpg,96
0607.jpg,96
1746.jpg,96
0888.jpg,96
0254.jpg,96
2780.jpg,96
2820.jpg,96
4161.jpg,96
3383.jpg,96
0544.jpg,96
2257.jpg,96
4656.jpg,96
3073.jpg,96
1171.jpg,97
0490.jpg,97
2181.jpg,97
4242.jpg,97
0452.jpg,97
3722.jpg,97
2860.jpg,97
5324.jpg,97
5692.jpg,97
0761.jpg,97
2075.jpg,97
3632.jpg,97
3110.jpg,97
5205.jpg,97
2778.jpg,97
4743.jpg,98
4526.jpg,98
2874.jpg,98
5288.jpg,98
5674.jpg,98
0566.jpg,98
3702.jpg,98
4471.jpg,98
2977.jpg,98
0270.jpg,98
2216.jpg,98
3996.jpg,98
2699.jpg,98
3084.jpg,98
5510.jpg,98
5766.jpg,99
6019.jpg,99
3124.jpg,99
4377.jpg,99
0264.jpg,99
1378.jpg,99
1035.jpg,99
0230.jpg,99
3213.jpg,99
1657.jpg,99
0410.jpg,99
5875.jpg,99
1529.jpg,99
5695.jpg,99
2625.jpg,99
5231.jpg,100
2890.jpg,100
5223.jpg,100
1395.jpg,100
5983.jpg,100
5715.jpg,100
1725.jpg,100
5018.jpg,100
4177.jpg,100
5285.jpg,100
1633.jpg,100
0613.jpg,100
5150.jpg,100
2256.jpg,100
1014.jpg,100
4532.jpg,101
4953.jpg,101
0774.jpg,101
4167.jpg,101
5670.jpg,101
0281.jpg,101
1286.jpg,101
5133.jpg,101
1975.jpg,101
4670.jpg,101
0260.jpg,101
2308.jpg,101
5043.jpg,101
1988.jpg,101
1353.jpg,101
4141.jpg,102
1384.jpg,102
0318.jpg,102
5573.jpg,102
0581.jpg,102
2548.jpg,102
1920.jpg,102
2989.jpg,102
2124.jpg,102
0350.jpg,102
2956.jpg,102
0149.jpg,102
1903.jpg,102
4235.jpg,102
5515.jpg,102
3165.jpg,103
1479.jpg,103
0137.jpg,103
0707.jpg,103
0935.jpg,103
4761.jpg,103
3361.jpg,103
2182.jpg,103
4549.jpg,103
0355.jpg,103
1574.jpg,103
5651.jpg,103
2859.jpg,103
5445.jpg,103
4794.jpg,103
5561.jpg,104
4606.jpg,104
5788.jpg,104
5239.jpg,104
3768.jpg,104
1219.jpg,104
5040.jpg,104
3586.jpg,104
1406.jpg,104
5530.jpg,104
3734.jpg,104
4456.jpg,104
0597.jpg,104
1895.jpg,104
1914.jpg,104
1990.jpg,105
0985.jpg,105
5754.jpg,105
1600.jpg,105
0238.jpg,105
1591.jpg,105
5534.jpg,105
1917.jpg,105
3336.jpg,105
0239.jpg,105
4081.jpg,105
0718.jpg,105
0373.jpg,105
2918.jpg,105
5826.jpg,105
4448.jpg,106
4853.jpg,106
0285.jpg,106
0440.jpg,106
0190.jpg,106
4160.jpg,106
0140.jpg,106
2211.jpg,106
3675.jpg,106
2938.jpg,106
4244.jpg,106
2492.jpg,106
0172.jpg,106
1305.jpg,106
1266.jpg,106
2184.jpg,107
5718.jpg,107
5812.jpg,107
4032.jpg,107
4134.jpg,107
2565.jpg,107
5383.jpg,107
1096.jpg,107
1417.jpg,107
5643.jpg,107
3963.jpg,107
2296.jpg,107
2225.jpg,107
5615.jpg,107
3159.jpg,107
5024.jpg,108
5705.jpg,108
4978.jpg,108
3812.jpg,108
4512.jpg,108
0816.jpg,108
4175.jpg,108
1934.jpg,108
2046.jpg,108
3997.jpg,108
5190.jpg,108
5653.jpg,108
4246.jpg,108
2986.jpg,108
5516.jpg,108
1798.jpg,109
3514.jpg,109
0599.jpg,109
5471.jpg,109
0066.jpg,109
3549.jpg,109
1273.jpg,109
0148.jpg,109
4664.jpg,109
2687.jpg,109
2024.jpg,109
1558.jpg,109
1607.jpg,109
1069.jpg,109
1549.jpg,109
2536.jpg,110
1862.jpg,110
5433.jpg,110
0704.jpg,110
2114.jpg,110
3467.jpg,110
1627.jpg,110
4331.jpg,110
4820.jpg,110
0207.jpg,110
3064.jpg,110
1792.jpg,110
2798.jpg,110
2720.jpg,110
1255.jpg,110
3188.jpg,111
4120.jpg,111
1375.jpg,111
3141.jpg,111
4363.jpg,111
5467.jpg,111
2666.jpg,111
5152.jpg,111
0192.jpg,111
1777.jpg,111
0670.jpg,111
1747.jpg,111
0057.jpg,111
1993.jpg,111
4465.jpg,111
1316.jpg,112
4133.jpg,112
1195.jpg,112
1439.jpg,112
1731.jpg,112
0620.jpg,112
5702.jpg,112
2593.jpg,112
4293.jpg,112
1216.jpg,112
1428.jpg,112
4164.jpg,112
4733.jpg,112
5568.jpg,112
0144.jpg,112
0304.jpg,113
2059.jpg,113
5741.jpg,113
4586.jpg,113
0759.jpg,113
2353.jpg,113
3787.jpg,113
3030.jpg,113
4322.jpg,113
0737.jpg,113
5808.jpg,113
5948.jpg,113
3553.jpg,113
5081.jpg,113
5228.jpg,113
4283.jpg,114
0588.jpg,114
2573.jpg,114
3651.jpg,114
5328.jpg,114
5048.jpg,114
3316.jpg,114
1174.jpg,114
3825.jpg,114
1961.jpg,114
0652.jpg,114
2286.jpg,114
1936.jpg,114
1281.jpg,114
1483.jpg,114
5759.jpg,115
4954.jpg,115
0106.jpg,115
3522.jpg,115
4993.jpg,115
3830.jpg,115
4193.jpg,115
2606.jpg,115
1419.jpg,115
2361.jpg,115
1924.jpg,115
3346.jpg,115
5514.jpg,115
4710.jpg,115
4239.jpg,115
4372.jpg,116
2980.jpg,116
3848.jpg,116
1180.jpg,116
0462.jpg,116
1894.jpg,116
4349.jpg,116
4592.jpg,116
5544.jpg,116
0658.jpg,116
5138.jpg,116
3956.jpg,116
5669.jpg,116
5749.jpg,116
2605.jpg,116
1103.jpg,117
4335.jpg,117
2689.jpg,117
3173.jpg,117
3328.jpg,117
0842.jpg,117
2165.jpg,117
4405.jpg,117
1956.jpg,117
3487.jpg,117
0349.jpg,117
3506.jpg,117
4258.jpg,117
5030.jpg,117
4060.jpg,117
0371.jpg,118
0233.jpg,118
1898.jpg,118
5887.jpg,118
4199.jpg,118
2299.jpg,118
4172.jpg,118
0804.jpg,118
0771.jpg,118
5263.jpg,118
5996.jpg,118
2178.jpg,118
0661.jpg,118
1294.jpg,118
0782.jpg,118
4854.jpg,119
1719.jpg,119
0019.jpg,119
1469.jpg,119
0886.jpg,119
2227.jpg,119
2159.jpg,119
5358.jpg,119
5330.jpg,119
5546.jpg,119
3449.jpg,119
5571.jpg,119
2224.jpg,119
0867.jpg,119
5394.jpg,119
5952.jpg,120
0987.jpg,120
1314.jpg,120
3309.jpg,120
5483.jpg,120
0112.jpg,120
5477.jpg,120
5158.jpg,120
4084.jpg,120
4886.jpg,120
3045.jpg,120
4848.jpg,120
5700.jpg,120
0468.jpg,120
5165.jpg,120
4721.jpg,121
1904.jpg,121
5488.jpg,121
1290.jpg,121
3381.jpg,121
0741.jpg,121
3271.jpg,121
0003.jpg,121
3626.jpg,121
2617.jpg,121
4962.jpg,121
1991.jpg,121
0473.jpg,121
3735.jpg,121
4584.jpg,121
1007.jpg,122
2345.jpg,122
5771.jpg,122
1907.jpg,122
0743.jpg,122
2917.jpg,122
0268.jpg,122
2815.jpg,122
0796.jpg,122
1336.jpg,122
0516.jpg,122
5353.jpg,122
2505.jpg,122
2347.jpg,122
0996.jpg,122
4989.jpg,123
4184.jpg,123
2510.jpg,123
2907.jpg,123
2604.jpg,123
4573.jpg,123
1149.jpg,123
3130.jpg,123
0083.jpg,123
0330.jpg,123
2129.jpg,123
1221.jpg,123
5242.jpg,123
3622.jpg,123
3504.jpg,123
5310.jpg,124
1609.jpg,124
2886.jpg,124
4129.jpg,124
4831.jpg,124
4271.jpg,124
1487.jpg,124
0444.jpg,124
5385.jpg,124
4567.jpg,124
3103.jpg,124
3134.jpg,124
3268.jpg,124
0096.jpg,124
2824.jpg,124
2432.jpg,125
0631.jpg,125
1616.jpg,125
2072.jpg,125
0128.jpg,125
5811.jpg,125
1874.jpg,125
2791.jpg,125
3436.jpg,125
1106.jpg,125
3179.jpg,125
5590.jpg,125
2788.jpg,125
1473.jpg,125
2274.jpg,125
0145.jpg,126
5622.jpg,126
2364.jpg,126
0604.jpg,126
5843.jpg,126
1400.jpg,126
1720.jpg,126
1320.jpg,126
2540.jpg,126
0845.jpg,126
0343.jpg,126
5801.jpg,126
5149.jpg,126
5249.jpg,126
2102.jpg,126
1287.jpg,127
1709.jpg,127
3528.jpg,127
4270.jpg,127
3692.jpg,127
1371.jpg,127
2327.jpg,127
0735.jpg,127
3192.jpg,127
4767.jpg,127
0711.jpg,127
0567.jpg,127
0989.jpg,127
3750.jpg,127
5270.jpg,127
2186.jpg,128
0039.jpg,128
5344.jpg,128
3810.jpg,128
4321.jpg,128
3543.jpg,128
2325.jpg,128
1858.jpg,128
2790.jpg,128
5656.jpg,128
1323.jpg,128
5663.jpg,128
4673.jpg,128
3427.jpg,128
2954.jpg,128
5869.jpg,129
5476.jpg,129
3941.jpg,129
1164.jpg,129
3621.jpg,129
5600.jpg,129
1127.jpg,129
0622.jpg,129
3010.jpg,129
1205.jpg,129
5248.jpg,129
4414.jpg,129
3435.jpg,129
5049.jpg,129
5822.jpg,129
5923.jpg,130
4228.jpg,130
3525.jpg,130
2136.jpg,130
2082.jpg,130
3790.jpg,130
5854.jpg,130
5126.jpg,130
4729.jpg,130
1664.jpg,130
1330.jpg,130
1407.jpg,130
0653.jpg,130
1157.jpg,130
2937.jpg,130
1254.jpg,131
5413.jpg,131
4544.jpg,131
5136.jpg,131
3530.jpg,131
5421.jpg,131
0302.jpg,131
0423.jpg,131
5185.jpg,131
0515.jpg,131
5791.jpg,131
2971.jpg,131
2130.jpg,131
2543.jpg,131
4964.jpg,131
5733.jpg,132
3421.jpg,132
0627.jpg,132
3706.jpg,132
2506.jpg,132
2693.jpg,132
1580.jpg,132
0229.jpg,132
0649.jpg,132
0404.jpg,132
1313.jpg,132
5082.jpg,132
1412.jpg,132
5931.jpg,132
5740.jpg,132
3129.jpg,133
2062.jpg,133
0963.jpg,133
5813.jpg,133
0981.jpg,133
1176.jpg,133
1124.jpg,133
2602.jpg,133
5337.jpg,133
3267.jpg,133
1906.jpg,133
2612.jpg,133
0908.jpg,133
0475.jpg,133
1132.jpg,133
1244.jpg,134
0267.jpg,134
4985.jpg,134
2976.jpg,134
2975.jpg,134
5988.jpg,134
2674.jpg,134
4856.jpg,134
2697.jpg,134
5061.jpg,134
4357.jpg,134
3717.jpg,134
1822.jpg,134
1562.jpg,134
1425.jpg,134
0296.jpg,135
2259.jpg,135
2911.jpg,135
3375.jpg,135
0008.jpg,135
4748.jpg,135
2568.jpg,135
4166.jpg,135
0297.jpg,135
0580.jpg,135
1119.jpg,135
0068.jpg,135
2614.jpg,135
3723.jpg,135
0446.jpg,135
5671.jpg,136
5543.jpg,136
1198.jpg,136
0830.jpg,136
2579.jpg,136
0434.jpg,136
0715.jpg,136
5677.jpg,136
4945.jpg,136
3515.jpg,136
3314.jpg,136
6000.jpg,136
2639.jpg,136
0681.jpg,136
5667.jpg,136
3229.jpg,137
3620.jpg,137
2210.jpg,137
5260.jpg,137
2017.jpg,137
4975.jpg,137
4554.jpg,137
1451.jpg,137
2661.jpg,137
1123.jpg,137
3092.jpg,137
3114.jpg,137
1208.jpg,137
1615.jpg,137
4178.jpg,137
2330.jpg,138
0913.jpg,138
2823.jpg,138
4104.jpg,138
5634.jpg,138
0853.jpg,138
5502.jpg,138
2723.jpg,138
5022.jpg,138
0443.jpg,138
4232.jpg,138
4380.jpg,138
1527.jpg,138
4062.jpg,138
5722.jpg,138
4650.jpg,139
1010.jpg,139
0916.jpg,139
2457.jpg,139
2711.jpg,139
4207.jpg,139
0673.jpg,139
3113.jpg,139
3845.jpg,139
2116.jpg,139
3200.jpg,139
1322.jpg,139
1480.jpg,139
4016.jpg,139
2787.jpg,139
4987.jpg,140
2581.jpg,140
4869.jpg,140
2215.jpg,140
0385.jpg,140
1090.jpg,140
1460.jpg,140
4128.jpg,140
3089.jpg,140
0860.jpg,140
5431.jpg,140
3397.jpg,140
2944.jpg,140
1089.jpg,140
5418.jpg,140
2999.jpg,141
1846.jpg,141
5665.jpg,141
4629.jpg,141
2253.jpg,141
3086.jpg,141
1640.jpg,141
0730.jpg,141
1959.jpg,141
1289.jpg,141
3458.jpg,141
2448.jpg,141
5594.jpg,141
2068.jpg,141
4107.jpg,141
2705.jpg,142
4938.jpg,142
0382.jpg,142
2104.jpg,142
1194.jpg,142
2169.jpg,142
5480.jpg,142
4327.jpg,142
2712.jpg,142
2761.jpg,142
2148.jpg,142
2802.jpg,142
2773.jpg,142
4113.jpg,142
5028.jpg,142
5836.jpg,143
3448.jpg,143
1703.jpg,143
4097.jpg,143
0058.jpg,143
0592.jpg,143
1252.jpg,143
4937.jpg,143
0460.jpg,143
2407.jpg,143
0862.jpg,143
5025.jpg,143
0550.jpg,143
5636.jpg,143
0713.jpg,143
5680.jpg,144
2800.jpg,144
2387.jpg,144
1825.jpg,144
0098.jpg,144
4849.jpg,144
4857.jpg,144
5268.jpg,144
1271.jpg,144
5286.jpg,144
2640.jpg,144
3828.jpg,144
2599.jpg,144
2468.jpg,144
2646.jpg,144
5905.jpg,145
2991.jpg,145
1851.jpg,145
4790.jpg,145
2597.jpg,145
4575.jpg,145
2496.jpg,145
0017.jpg,145
1441.jpg,145
5577.jpg,145
0520.jpg,145
1201.jpg,145
4930.jpg,145
5219.jpg,145
5852.jpg,145
4492.jpg,146
5972.jpg,146
5549.jpg,146
1783.jpg,146
3900.jpg,146
1363.jpg,146
0500.jpg,146
2756.jpg,146
5001.jpg,146
4503.jpg,146
0623.jpg,146
5036.jpg,146
3400.jpg,146
0687.jpg,146
4037.jpg,146
5780.jpg,147
1694.jpg,147
0099.jpg,147
0204.jpg,147
2174.jpg,147
2567.jpg,147
3172.jpg,147
5761.jpg,147
1251.jpg,147
4218.jpg,147
5191.jpg,147
0222.jpg,147
0614.jpg,147
0898.jpg,147
0011.jpg,147
1844.jpg,148
1554.jpg,148
1344.jpg,148
4369.jpg,148
3914.jpg,148
3782.jpg,148
3978.jpg,148
1642.jpg,148
2219.jpg,148
3308.jpg,148
1148.jpg,148
5029.jpg,148
5211.jpg,148
0943.jpg,148
2054.jpg,148
1170.jpg,149
3085.jpg,149
5779.jpg,149
4902.jpg,149
1225.jpg,149
5068.jpg,149
5313.jpg,149
4958.jpg,149
1793.jpg,149
0339.jpg,149
2277.jpg,149
4049.jpg,149
3886.jpg,149
0589.jpg,149
1689.jpg,149
4143.jpg,150
0930.jpg,150
0086.jpg,150
2295.jpg,150
0372.jpg,150
0262.jpg,150
3071.jpg,150
0901.jpg,150
3035.jpg,150
2672.jpg,150
4941.jpg,150
5424.jpg,150
0413.jpg,150
3753.jpg,150
1643.jpg,150
2193.jpg,151
0486.jpg,151
2425.jpg,151
1029.jpg,151
4851.jpg,151
3360.jpg,151
1531.jpg,151
3542.jpg,151
5075.jpg,151
3614.jpg,151
5841.jpg,151
4048.jpg,151
1046.jpg,151
1690.jpg,151
0320.jpg,151
0484.jpg,152
4387.jpg,152
3182.jpg,152
3230.jpg,152
5904.jpg,152
0742.jpg,152
1074.jpg,152
4818.jpg,152
2598.jpg,152
1086.jpg,152
3821.jpg,152
5218.jpg,152
4275.jpg,152
5623.jpg,152
5866.jpg,152
0141.jpg,153
0666.jpg,153
0662.jpg,153
0406.jpg,153
5005.jpg,153
1757.jpg,153
5331.jpg,153
0029.jpg,153
4931.jpg,153
2305.jpg,153
5021.jpg,153
1829.jpg,153
2302.jpg,153
3096.jpg,153
0179.jpg,153
2002.jpg,154
2007.jpg,154
1741.jpg,154
1153.jpg,154
3140.jpg,154
4241.jpg,154
4119.jpg,154
1675.jpg,154
3490.jpg,154
2499.jpg,154
5520.jpg,154
1309.jpg,154
2704.jpg,154
1349.jpg,154
0911.jpg,154
5183.jpg,155
2429.jpg,155
0676.jpg,155
4020.jpg,155
4816.jpg,155
4908.jpg,155
5457.jpg,155
5604.jpg,155
0235.jpg,155
2029.jpg,155
0571.jpg,155
3870.jpg,155
3464.jpg,155
3797.jpg,155
0973.jpg,155
3710.jpg,156
4939.jpg,156
5180.jpg,156
2760.jpg,156
2982.jpg,156
1873.jpg,156
4237.jpg,156
2453.jpg,156
4786.jpg,156
2665.jpg,156
1117.jpg,156
3907.jpg,156
3971.jpg,156
3407.jpg,156
1706.jpg,156
1179.jpg,157
3882.jpg,157
0570.jpg,157
1612.jpg,157
4839.jpg,157
5628.jpg,157
4421.jpg,157
3993.jpg,157
4179.jpg,157
5329.jpg,157
2078.jpg,157
0188.jpg,157
1905.jpg,157
0407.jpg,157
1039.jpg,157
5971.jpg,158
5828.jpg,158
1962.jpg,158
5468.jpg,158
1590.jpg,158
4947.jpg,158
5254.jpg,158
2953.jpg,158
4876.jpg,158
0813.jpg,158
4068.jpg,158
0957.jpg,158
2384.jpg,158
0722.jpg,158
2819.jpg,158
5964.jpg,159
5959.jpg,159
4772.jpg,159
0535.jpg,159
4442.jpg,159
3144.jpg,159
2793.jpg,159
2851.jpg,159
5551.jpg,159
4599.jpg,159
3674.jpg,159
4852.jpg,159
1359.jpg,159
0639.jpg,159
2228.jpg,159
4168.jpg,160
2794.jpg,160
1318.jpg,160
4257.jpg,160
0031.jpg,160
2668.jpg,160
0907.jpg,160
2873.jpg,160
3433.jpg,160
3143.jpg,160
5233.jpg,160
0133.jpg,160
0882.jpg,160
3831.jpg,160
4262.jpg,160
3982.jpg,161
1763.jpg,161
1789.jpg,161
0198.jpg,161
4720.jpg,161
1392.jpg,161
2368.jpg,161
2370.jpg,161
4955.jpg,161
3068.jpg,161
2084.jpg,161
4578.jpg,161
3931.jpg,161
1597.jpg,161
3432.jpg,161
3296.jpg,162
1835.jpg,162
0035.jpg,162
0770.jpg,162
3080.jpg,162
2845.jpg,162
3613.jpg,162
5073.jpg,162
5564.jpg,162
5177.jpg,162
2848.jpg,162
4445.jpg,162
2117.jpg,162
3233.jpg,162
2725.jpg,162
2466.jpg,163
1038.jpg,163
2880.jpg,163
0638.jpg,163
5466.jpg,163
1452.jpg,163
4732.jpg,163
2090.jpg,163
2968.jpg,163
0586.jpg,163
4914.jpg,163
5340.jpg,163
3673.jpg,163
2965.jpg,163
3636.jpg,163
3743.jpg,164
0632.jpg,164
4169.jpg,164
3537.jpg,164
1172.jpg,164
4026.jpg,164
5334.jpg,164
3248.jpg,164
5019.jpg,164
4510.jpg,164
3558.jpg,164
0228.jpg,164
5839.jpg,164
1055.jpg,164
0893.jpg,164
4397.jpg,165
5786.jpg,165
4789.jpg,165
1079.jpg,165
4413.jpg,165
4681.jpg,165
5588.jpg,165
5884.jpg,165
0365.jpg,165
3202.jpg,165
5608.jpg,165
1702.jpg,165
3803.jpg,165
2362.jpg,165
3983.jpg,165
2249.jpg,166
5195.jpg,166
1986.jpg,166
1379.jpg,166
1752.jpg,166
3160.jpg,166
2454.jpg,166
0390.jpg,166
0573.jpg,166
4590.jpg,166
4014.jpg,166
2777.jpg,166
4267.jpg,166
0290.jpg,166
1138.jpg,166
3805.jpg,167
3181.jpg,167
3157.jpg,167
5237.jpg,167
2034.jpg,167
4374.jpg,167
5302.jpg,167
5804.jpg,167
2700.jpg,167
1530.jpg,167
2141.jpg,167
0839.jpg,167
0063.jpg,167
4112.jpg,167
2718.jpg,167
1448.jpg,168
1823.jpg,168
2861.jpg,168
5977.jpg,168
5004.jpg,168
2563.jpg,168
5481.jpg,168
3105.jpg,168
2152.jpg,168
1013.jpg,168
1949.jpg,168
2307.jpg,168
5806.jpg,168
0084.jpg,168
3510.jpg,168
4502.jpg,169
1771.jpg,169
4668.jpg,169
3878.jpg,169
4461.jpg,169
5373.jpg,169
3406.jpg,169
4558.jpg,169
3610.jpg,169
4927.jpg,169
4803.jpg,169
0510.jpg,169
0454.jpg,169
0427.jpg,169
1796.jpg,169
2412.jpg,170
3126.jpg,170
1536.jpg,170
3892.jpg,170
2376.jpg,170
0013.jpg,170
3640.jpg,170
0906.jpg,170
0956.jpg,170
4972.jpg,170
3930.jpg,170
0048.jpg,170
5105.jpg,170
1261.jpg,170
5432.jpg,170
0032.jpg,171
2897.jpg,171
1899.jpg,171
3295.jpg,171
5484.jpg,171
3721.jpg,171
2511.jpg,171
3754.jpg,171
1022.jpg,171
3236.jpg,171
4874.jpg,171
1267.jpg,171
3252.jpg,171
1495.jpg,171
3711.jpg,171
2171.jpg,172
2904.jpg,172
1068.jpg,172
3656.jpg,172
3730.jpg,172
1110.jpg,172
3535.jpg,172
0256.jpg,172
3335.jpg,172
5627.jpg,172
0037.jpg,172
1987.jpg,172
4453.jpg,172
1380.jpg,172
0526.jpg,172
0309.jpg,173
5911.jpg,173
1390.jpg,173
1983.jpg,173
3574.jpg,173
4843.jpg,173
5981.jpg,173
5087.jpg,173
1257.jpg,173
4560.jpg,173
2733.jpg,173
5538.jpg,173
1335.jpg,173
2949.jpg,173
0553.jpg,173
4499.jpg,174
2926.jpg,174
5451.jpg,174
4542.jpg,174
0292.jpg,174
3214.jpg,174
5207.jpg,174
5775.jpg,174
0442.jpg,174
3687.jpg,174
1951.jpg,174
2434.jpg,174
5624.jpg,174
0132.jpg,174
4473.jpg,174
3050.jpg,175
4231.jpg,175
3752.jpg,175
4943.jpg,175
2287.jpg,175
2942.jpg,175
2164.jpg,175
4768.jpg,175
3560.jpg,175
3534.jpg,175
0441.jpg,175
1632.jpg,175
5118.jpg,175
2399.jpg,175
3715.jpg,175
2792.jpg,176
2746.jpg,176
5123.jpg,176
5074.jpg,176
2556.jpg,176
2382.jpg,176
1708.jpg,176
1638.jpg,176
0212.jpg,176
2885.jpg,176
4017.jpg,176
4222.jpg,176
4686.jpg,176
4196.jpg,176
4871.jpg,176
5461.jpg,177
1856.jpg,177
1306.jpg,177
3373.jpg,177
5222.jpg,177
4009.jpg,177
0352.jpg,177
2797.jpg,177
1115.jpg,177
1626.jpg,177
1339.jpg,177
5672.jpg,177
0702.jpg,177
3176.jpg,177
2183.jpg,177
0439.jpg,178
5898.jpg,178
5975.jpg,178
3550.jpg,178
1453.jpg,178
5245.jpg,178
2577.jpg,178
0247.jpg,178
4294.jpg,178
4263.jpg,178
3093.jpg,178
6001.jpg,178
2871.jpg,178
2615.jpg,178
4887.jpg,178
5187.jpg,179
4255.jpg,179
2080.jpg,179
0327.jpg,179
4992.jpg,179
0890.jpg,179
5411.jpg,179
4759.jpg,179
1880.jpg,179
4311.jpg,179
4696.jpg,179
1418.jpg,179
0778.jpg,179
1083.jpg,179
5104.jpg,179
5493.jpg,180
5800.jpg,180
5838.jpg,180
1402.jpg,180
3223.jpg,180
3568.jpg,180
3817.jpg,180
5153.jpg,180
3544.jpg,180
0378.jpg,180
0857.jpg,180
2562.jpg,180
2961.jpg,180
5691.jpg,180
5416.jpg,180
2846.jpg,181
0753.jpg,181
3913.jpg,181
2739.jpg,181
5255.jpg,181
0175.jpg,181
4991.jpg,181
0351.jpg,181
3836.jpg,181
2477.jpg,181
1813.jpg,181
5856.jpg,181
0090.jpg,181
4288.jpg,181
1696.jpg,181
4496.jpg,182
0789.jpg,182
3781.jpg,182
3871.jpg,182
4433.jpg,182
0018.jpg,182
5169.jpg,182
5006.jpg,182
3012.jpg,182
3880.jpg,182
0380.jpg,182
0259.jpg,182
4598.jpg,182
0921.jpg,182
3240.jpg,182
1727.jpg,183
3220.jpg,183
2248.jpg,183
3403.jpg,183
1700.jpg,183
4988.jpg,183
2217.jpg,183
5605.jpg,183
0926.jpg,183
2322.jpg,183
4684.jpg,183
4872.jpg,183
1147.jpg,183
3738.jpg,183
5069.jpg,183
4418.jpg,184
0014.jpg,184
2642.jpg,184
3255.jpg,184
0958.jpg,184
5404.jpg,184
2154.jpg,184
4458.jpg,184
2644.jpg,184
4667.jpg,184
0762.jpg,184
3638.jpg,184
4571.jpg,184
2717.jpg,184
5142.jpg,184
4697.jpg,185
0775.jpg,185
0353.jpg,185
5505.jpg,185
4663.jpg,185
1152.jpg,185
3561.jpg,185
4596.jpg,185
2187.jpg,185
0696.jpg,185
0610.jpg,185
3667.jpg,185
0502.jpg,185
1325.jpg,185
0036.jpg,185
3242.jpg,186
1370.jpg,186
3822.jpg,186
2930.jpg,186
5851.jpg,186
2503.jpg,186
2291.jpg,186
3646.jpg,186
0938.jpg,186
3446.jpg,186
1006.jpg,186
0073.jpg,186
2048.jpg,186
2475.jpg,186
4308.jpg,186
3866.jpg,187
5701.jpg,187
3794.jpg,187
5598.jpg,187
4785.jpg,187
3798.jpg,187
2850.jpg,187
2708.jpg,187
1676.jpg,187
3725.jpg,187
3862.jpg,187
1060.jpg,187
0455.jpg,187
2239.jpg,187
1937.jpg,187
0714.jpg,188
5117.jpg,188
2994.jpg,188
4157.jpg,188
1754.jpg,188
4655.jpg,188
3545.jpg,188
4618.jpg,188
5435.jpg,188
5525.jpg,188
0496.jpg,188
4324.jpg,188
5918.jpg,188
3814.jpg,188
1430.jpg,188
1760.jpg,189
0250.jpg,189
3617.jpg,189
5234.jpg,189
4640.jpg,189
2396.jpg,189
0101.jpg,189
0503.jpg,189
2825.jpg,189
2487.jpg,189
1692.jpg,189
1710.jpg,189
2458.jpg,189
0316.jpg,189
5194.jpg,189
2122.jpg,190
4498.jpg,190
4462.jpg,190
4630.jpg,190
4917.jpg,190
5349.jpg,190
2242.jpg,190
5283.jpg,190
4299.jpg,190
4298.jpg,190
4850.jpg,190
4711.jpg,190
0065.jpg,190
3321.jpg,190
4809.jpg,190
1105.jpg,191
4836.jpg,191
2133.jpg,191
3137.jpg,191
1623.jpg,191
1476.jpg,191
3582.jpg,191
5772.jpg,191
1893.jpg,191
3571.jpg,191
2272.jpg,191
3565.jpg,191
1207.jpg,191
1865.jpg,191
1718.jpg,191
0605.jpg,192
0669.jpg,192
4859.jpg,192
5723.jpg,192
5204.jpg,192
2719.jpg,192
4675.jpg,192
1008.jpg,192
5053.jpg,192
3370.jpg,192
4292.jpg,192
0755.jpg,192
2609.jpg,192
1146.jpg,192
5698.jpg,192
4922.jpg,193
4827.jpg,193
3920.jpg,193
5802.jpg,193
4641.jpg,193
2889.jpg,193
1799.jpg,193
5046.jpg,193
4756.jpg,193
4215.jpg,193
1352.jpg,193
1519.jpg,193
1535.jpg,193
2089.jpg,193
2801.jpg,193
0870.jpg,194
2142.jpg,194
4148.jpg,194
0756.jpg,194
2737.jpg,194
5560.jpg,194
0093.jpg,194
0585.jpg,194
2903.jpg,194
4519.jpg,194
0835.jpg,194
0621.jpg,194
5051.jpg,194
0763.jpg,194
5225.jpg,194
5685.jpg,195
3273.jpg,195
2168.jpg,195
1269.jpg,195
0180.jpg,195
3178.jpg,195
0458.jpg,195
3363.jpg,195
3696.jpg,195
0540.jpg,195
1324.jpg,195
5326.jpg,195
0795.jpg,195
1772.jpg,195
3635.jpg,195
0249.jpg,196
3053.jpg,196
2413.jpg,196
3210.jpg,196
3209.jpg,196
1859.jpg,196
5490.jpg,196
2128.jpg,196
1818.jpg,196
3478.jpg,196
5470.jpg,196
2998.jpg,196
5704.jpg,196
3185.jpg,196
5220.jpg,196
0747.jpg,197
3355.jpg,197
2311.jpg,197
1570.jpg,197
1598.jpg,197
5611.jpg,197
2684.jpg,197
2519.jpg,197
5014.jpg,197
1150.jpg,197
4306.jpg,197
2153.jpg,197
2105.jpg,197
5444.jpg,197
0947.jpg,197
4090.jpg,198
4122.jpg,198
4613.jpg,198
2086.jpg,198
1240.jpg,198
5872.jpg,198
0220.jpg,198
4569.jpg,198
3917.jpg,198
4095.jpg,198
3431.jpg,198
2715.jpg,198
3922.jpg,198
5542.jpg,198
2190.jpg,198
5357.jpg,199
0936.jpg,199
3146.jpg,199
3650.jpg,199
1542.jpg,199
3418.jpg,199
2535.jpg,199
1433.jpg,199
0700.jpg,199
5345.jpg,199
1135.jpg,199
2537.jpg,199
5922.jpg,199
3584.jpg,199
3924.jpg,199
